{
  "T": 1.5914955557015147,
  "thr_at_95sens": 0.6104530692100525,
  "borderline_low": 0.2,
  "s_inactive_escalate": 0.7126,
  "asymmetric_evidence_thr": 0.88,
  "seed": 7,
  "cal_frac": 0.2,
  "n_cal": 2619,
  "n_eval": 10473,
  "git_sha": "73b9a53ec5bea6d61c5e9bc5d2d1821accf5a63f",
  "timestamp": "2026-05-25T13:35:09Z"
}