{
  "meta": {
    "deployed_pk_auroc": 0.781,
    "probe": "StandardScaler + LogisticRegression(L2, C=1.0, balanced)",
    "fit_only_on_source": true,
    "pk_eval_fit_population": "seed=7 cal slice (matches P2.0)",
    "n_source": 13092,
    "n_fit_rows": 2619,
    "n_pk": 3008,
    "fit_population_sensitivity": {
      "raw_max_pk_auroc_full_corpus": 0.8122708508201786,
      "raw_max_pk_auroc_cal_slice": 0.8534888401424119,
      "p2_0_reported": 0.8535,
      "note": "P2.0 fit on the seed=7 cal slice (n=2619); this battery matches that for PK-eval checks. Full-corpus fit is a reference. A large cal-vs-full gap means the 0.853 partly rode the small fit sample."
    }
  },
  "check1_lodo_replay": {
    "max": {
      "folds": {
        "montgomery": {
          "auroc": 0.6890086206896552,
          "auroc_ci": [
            0.5979575661000502,
            0.7824519879397926
          ],
          "pauc_fpr20": 0.6988745210727969,
          "pauc_fpr20_ci": [
            0.6303817175099306,
            0.7719660098132319
          ],
          "sens_at_spec70": 0.5517241379310345,
          "sens_at_spec70_ci": [
            0.43859649122807015,
            0.6981132075471698
          ],
          "n": 138,
          "n_pos": 58,
          "n_neg": 80,
          "n_patients": 138
        },
        "shenzhen": {
          "auroc": 0.8112857873210634,
          "auroc_ci": [
            0.7782062183840279,
            0.8425219012974721
          ],
          "pauc_fpr20": 0.7223287321063395,
          "pauc_fpr20_ci": [
            0.6884818361040039,
            0.7577087529930446
          ],
          "sens_at_spec70": 0.7559523809523809,
          "sens_at_spec70_ci": [
            0.6925065835238,
            0.8259589057839926
          ],
          "n": 662,
          "n_pos": 336,
          "n_neg": 326,
          "n_patients": 662
        },
        "qatar": {
          "auroc": 0.8151997526283239,
          "auroc_ci": [
            0.7949014934378186,
            0.8337367140771607
          ],
          "pauc_fpr20": 0.7583224535605488,
          "pauc_fpr20_ci": [
            0.7391813630397748,
            0.7765600173793722
          ],
          "sens_at_spec70": 0.7489177489177489,
          "sens_at_spec70_ci": [
            0.7132862144987681,
            0.7787243456976087
          ],
          "n": 4193,
          "n_pos": 693,
          "n_neg": 3500,
          "n_patients": 4193
        },
        "tbx11k": {
          "auroc": 0.8282782795015622,
          "auroc_ci": [
            0.8115357674157577,
            0.8455227682014019
          ],
          "pauc_fpr20": 0.7311062636039112,
          "pauc_fpr20_ci": [
            0.7126953730704884,
            0.74935889804885
          ],
          "sens_at_spec70": 0.7909090909090909,
          "sens_at_spec70_ci": [
            0.7609022556390977,
            0.8223512385146999
          ],
          "n": 8099,
          "n_pos": 660,
          "n_neg": 7439,
          "n_patients": 8099
        }
      },
      "macro_mean_auroc": 0.7859431100351513,
      "patient_weighted_mean_auroc": 0.8217623532932653
    },
    "mean": {
      "folds": {
        "montgomery": {
          "auroc": 0.7443965517241379,
          "auroc_ci": [
            0.6514235267140565,
            0.8325602643287864
          ],
          "pauc_fpr20": 0.7294061302681992,
          "pauc_fpr20_ci": [
            0.6591077273095916,
            0.8054665128680704
          ],
          "sens_at_spec70": 0.6724137931034483,
          "sens_at_spec70_ci": [
            0.5517065446868402,
            0.8030365126676601
          ],
          "n": 138,
          "n_pos": 58,
          "n_neg": 80,
          "n_patients": 138
        },
        "shenzhen": {
          "auroc": 0.812308282208589,
          "auroc_ci": [
            0.7809695347879785,
            0.842486649198587
          ],
          "pauc_fpr20": 0.7458369851007888,
          "pauc_fpr20_ci": [
            0.7124656765290499,
            0.7796589426074685
          ],
          "sens_at_spec70": 0.7797619047619048,
          "sens_at_spec70_ci": [
            0.7104380464541199,
            0.8303662393640842
          ],
          "n": 662,
          "n_pos": 336,
          "n_neg": 326,
          "n_patients": 662
        },
        "qatar": {
          "auroc": 0.8888220985363842,
          "auroc_ci": [
            0.8724448611247073,
            0.9033312274465951
          ],
          "pauc_fpr20": 0.8230559563892897,
          "pauc_fpr20_ci": [
            0.8055890448559517,
            0.8407589846752551
          ],
          "sens_at_spec70": 0.8787878787878788,
          "sens_at_spec70_ci": [
            0.8504865128161991,
            0.901716519527833
          ],
          "n": 4193,
          "n_pos": 693,
          "n_neg": 3500,
          "n_patients": 4193
        },
        "tbx11k": {
          "auroc": 0.8638952368149841,
          "auroc_ci": [
            0.8502232379620729,
            0.8774801191230573
          ],
          "pauc_fpr20": 0.7532159430936148,
          "pauc_fpr20_ci": [
            0.7347884228719179,
            0.7720887498122719
          ],
          "sens_at_spec70": 0.8469696969696969,
          "sens_at_spec70_ci": [
            0.8205108359133126,
            0.8776129142217136
          ],
          "n": 8099,
          "n_pos": 660,
          "n_neg": 7439,
          "n_patients": 8099
        }
      },
      "macro_mean_auroc": 0.8273555423210237,
      "patient_weighted_mean_auroc": 0.8680104941252391
    },
    "cls": {
      "folds": {
        "montgomery": {
          "auroc": 0.819396551724138,
          "auroc_ci": [
            0.7443306881663921,
            0.8901345624456678
          ],
          "pauc_fpr20": 0.7533524904214559,
          "pauc_fpr20_ci": [
            0.6798423850263519,
            0.8293835228954124
          ],
          "sens_at_spec70": 0.7241379310344828,
          "sens_at_spec70_ci": [
            0.5964912280701754,
            0.8461864406779659
          ],
          "n": 138,
          "n_pos": 58,
          "n_neg": 80,
          "n_patients": 138
        },
        "shenzhen": {
          "auroc": 0.8959428863569969,
          "auroc_ci": [
            0.871620807585278,
            0.917883066990878
          ],
          "pauc_fpr20": 0.8417618154964781,
          "pauc_fpr20_ci": [
            0.8112078962249385,
            0.8694806388200689
          ],
          "sens_at_spec70": 0.8690476190476191,
          "sens_at_spec70_ci": [
            0.8190501529559192,
            0.9062594126506024
          ],
          "n": 662,
          "n_pos": 336,
          "n_neg": 326,
          "n_patients": 662
        },
        "qatar": {
          "auroc": 0.8936198721913009,
          "auroc_ci": [
            0.8782063530631633,
            0.9080805883332139
          ],
          "pauc_fpr20": 0.825544561258847,
          "pauc_fpr20_ci": [
            0.8071985357084625,
            0.8423942962977666
          ],
          "sens_at_spec70": 0.8874458874458875,
          "sens_at_spec70_ci": [
            0.8596445811273746,
            0.9105196325922321
          ],
          "n": 4193,
          "n_pos": 693,
          "n_neg": 3500,
          "n_patients": 4193
        },
        "tbx11k": {
          "auroc": 0.9187366337117648,
          "auroc_ci": [
            0.9077136818790614,
            0.9292574679379139
          ],
          "pauc_fpr20": 0.8360355583436644,
          "pauc_fpr20_ci": [
            0.8196797540555505,
            0.8525919946873862
          ],
          "sens_at_spec70": 0.9303030303030303,
          "sens_at_spec70_ci": [
            0.9112757199276906,
            0.9514452512517246
          ],
          "n": 8099,
          "n_pos": 660,
          "n_neg": 7439,
          "n_patients": 8099
        }
      },
      "macro_mean_auroc": 0.8819239859960502,